<?xml version="1.0" encoding="UTF-8"?>
<!DOCTYPE sqlMap PUBLIC "-//iBATIS.com//DTD SQL Map 2.0//EN" "http://www.ibatis.com/dtd/sql-map-2.dtd">
<sqlMap namespace="User">
	<typeAlias alias="UserObject" type="com.java.plyd.service.User" />

	<resultMap id="UserResultMap" class="UserObject">
		<result property="id" column="id" />
		<result property="firstName" column="first_name" />
		<result property="lastName" column="last_name" />
		<result property="userName" column="user_name" />
		<result property="password" column="password" />
		<result property="isValid" column="is_valid" />
	</resultMap>

	<insert id="insertUser" parameterClass="UserObject">
		INSERT INTO user_table
		(first_name,last_name,user_name,password) VALUES
		(#firstName#,#lastName#,#userName#,#password#);
	</insert>

	<delete id="deleteUser" parameterClass="java.lang.Integer">
		DELETE FROM user_table
		WHERE id=#value#;
	</delete>

	<update id="updateUser" parameterClass="UserObject">
		UPDATE user_table
		SET
		first_name=#firstName#,last_name=#lastName#,user_name=#userName#
		WHERE
		id=#id#;
	</update>

	<select id="selectAllUser" 	resultMap="UserResultMap">
		SELECT *, 1 as is_valid FROM user_table;
	</select>
	<select id="selectUser" parameterClass="java.lang.Integer"
		resultMap="UserResultMap">
		SELECT *, 1 as is_valid FROM user_table WHERE id=#value#;
	</select>
	

	<select id="isUser" parameterClass="userObject" resultClass="java.lang.Integer">
		SELECT COUNT(*) AS c FROM user_table WHERE user_name=#userName# AND
		password=#password# GROUP BY user_name HAVING c > 0;
	</select>
</sqlMap>    